,gradient,energy_cost
28,-0.4573576532596421,3.314723419843338
29,-0.1994958772337204,2.0688124593181407
63,0.3986207093589071,15.162278465842128
42,0.2059748962769498,6.71281524349496
5,-0.3054287816263205,1.8832959162891427
41,-0.0024098510216017,0.8634813797107194
40,0.2988057267193991,9.716855283552905
54,-0.1008823336874382,0.9380347798421548
59,-0.4436269444172453,2.3667432203322165
33,0.3427967456097208,13.412043250712594
